Optimizer,objfname,ExecutionTime,Individual,Iter1,Iter2,Iter3,Iter4,Iter5,Iter6,Iter7,Iter8,Iter9,Iter10,Iter11,Iter12,Iter13,Iter14,Iter15,Iter16,Iter17,Iter18,Iter19,Iter20,Iter21,Iter22,Iter23,Iter24,Iter25,Iter26,Iter27,Iter28,Iter29,Iter30,Iter31,Iter32,Iter33,Iter34,Iter35,Iter36,Iter37,Iter38,Iter39,Iter40,Iter41,Iter42,Iter43,Iter44,Iter45,Iter46,Iter47,Iter48,Iter49,Iter50,Iter51,Iter52,Iter53,Iter54,Iter55,Iter56,Iter57,Iter58,Iter59,Iter60,Iter61,Iter62,Iter63,Iter64,Iter65,Iter66,Iter67,Iter68,Iter69,Iter70,Iter71,Iter72,Iter73,Iter74,Iter75
CMAES,F5,0.632023811340332,"[-1.9068066  -0.69125236 -0.0820281   0.49144202 -0.48986116 -1.09813832
  1.94822901  0.59092159 -0.38171527  1.17563957  0.23078372 -0.52809839
  0.04816158  0.60030617  2.02900045  0.83295244 -0.27848046 -0.23228297
  0.66877923 -0.24676161  0.22877485 -1.07858675  1.03789249  1.69941099
 -0.29054471 -1.3385897  -1.5025948  -0.72615921 -0.20418395 -7.18322463]",506325306.74534845,495727614.35030067,485007941.30260324,469705318.4132255,442142420.7312194,429305786.3515516,410024988.2524713,373896767.1793718,317346341.081547,303691513.96419007,264608785.3186515,197910470.2747927,183705700.20316702,152639947.43061137,129416783.45479609,112261111.05088888,87709835.0481519,77198216.14125235,91921553.03398685,52226396.83064483,64789763.24299443,63625797.47899695,114774935.74575765,80070757.86444591,63574818.31343499,97586314.13390782,131316118.06525975,55602289.222690605,55293440.14848285,39389182.10401777,22821251.312770493,25032351.594527263,21556547.405503623,21602614.969824493,17417480.992469892,9428596.688350905,6104154.102749826,8357096.656536468,7672652.249838375,5712114.6383062145,5693528.416438939,3211996.03746668,2826211.9432063093,2875104.1199604035,3605140.5497514913,2168554.5288419076,2091059.3904473088,1317402.9591779418,1033588.4984447475,411025.23325511586,453214.7862301854,307053.55367084447,326490.82147043553,256111.04502819604,318615.94860457967,340407.961174767,215119.03249173504,187398.67193229074,280148.28449490713,107851.34239374002,125197.19788886,81079.11374827425,104575.06484406638,52036.588262047706,53943.72238314397,42508.33702166577,39368.84105612787,36709.14202041877,24635.052942114642,32741.25698376883,24799.715793009236,13844.253765073721,14959.719216812216,17585.420107646598,14422.40959192931
CMAES,F5,0.6394529342651367,"[-0.04352714  0.22994879  0.18176377  0.98463799  1.58954144 -0.11824322
 -0.47326871  0.30432398  1.14708321 -1.50411508  0.97365243  0.1260889
  1.0494755   0.19146353 -0.02485764 -0.81612561  0.14715673 -0.18496041
 -0.49437917  0.09369133 -0.34769631 -1.22812788  1.51226712  0.34110368
  1.86482924 -0.10777913  1.01936121  2.29794877 -0.67626504 -2.1628628 ]",635387903.3775724,634407731.0875202,619048283.5659833,598916330.2031165,596349083.9043926,575286613.6084329,541794277.8425267,515141891.5420223,483126112.4707996,468593205.4378991,410573183.30864215,387961159.51684207,317547172.4141767,271054076.4167551,240892958.55782548,208056116.64468548,164839858.02960557,112960319.16875552,136525247.1490978,112433141.7062754,95358573.45632902,101687906.45914592,117244223.61257078,88215071.1053397,76484232.49324007,95882528.70294473,52470335.564771585,95695225.8752531,139105343.08067098,69858256.23487094,85760062.759242,58292047.20274247,53300082.17212309,48449426.41864455,24395062.59366742,19959887.594188653,13649130.463448044,26267607.086779907,24717751.317058675,15231530.164501585,8451185.519506468,9087162.467591837,6571943.231300142,1855192.6231598835,4123478.304799662,2318625.8823268525,2662785.670246431,3480165.118540093,2495585.5155576584,1942709.8413814146,1327749.8962538627,945822.7541694287,466617.83437314274,584754.6706340618,502366.30057781294,700896.2039830909,504927.8500610864,387278.0583463814,239508.39240542296,413094.7565256551,165446.83420675198,172187.22407444136,110363.27249595932,136855.9376670475,108979.27058953905,68054.90351200404,64264.53489514277,52357.88695657709,30636.098436759276,29336.788591573455,34547.045292564384,10102.011160948221,20246.10915385273,14488.714701473105,9015.206532221457
CMAES,F5,0.6090641021728516,"[ 0.27667998  1.42573441  0.37656825  0.27578187 -0.02032851  0.16893092
  1.04169614 -0.34105326  0.91888349  1.46702514  1.32042073  0.6802967
  0.8086981  -0.18146526 -1.96405611 -0.1244056   0.11605043 -1.30539396
 -1.12426787 -1.09810721 -1.77132592  1.29446257  0.4534769  -0.19875547
 -0.31998123 -0.29892974 -0.37907783  0.31084913 -0.30828281 -8.12449244]",451580393.52475256,438326414.5157382,420949481.3120703,408121010.83558995,390575994.68417835,373674123.6470286,361141978.8197709,333678093.10303473,304067051.7505115,253035028.51467225,245209944.2151412,221398305.43064418,181294410.8271219,165294462.54321843,144850154.49369615,87415282.97098032,90674269.04444611,89736219.0577879,56885064.049916305,46158624.881079815,55320764.76193704,56861354.43807316,60191079.465126224,50023052.68187303,38894628.410269685,35955039.42069049,37860105.632632956,29370638.09697892,24312089.26885084,25705412.866952557,33340893.332358565,24150202.083546966,13842251.624014037,13298408.484610617,13195318.733768662,8520250.87696642,8657882.80359421,7424449.021516754,3181963.2983991243,4499118.650868048,3280617.273594459,1746922.5658430182,1454438.5306927576,1846332.0050911922,961944.3577320271,563611.1688719204,564368.6985478583,446749.1730446578,574587.833091676,403641.80814526556,238660.64179930076,215717.25326733774,256040.38994383413,191229.57439595566,125033.60198805635,182538.8059461321,81348.62582347154,83324.74446032854,60715.77853631195,103008.24661718939,68647.93920850751,56062.48241159647,37901.16488720117,46339.45468186864,34924.314261900654,34637.51892534994,32182.52192762446,31977.8381782959,23919.98776296816,24119.3701760275,18731.78004902017,16814.207549093517,13051.970727075919,18663.192213852242,12919.404416173245
CMAES,F12,0.8319013118743896,"[-5.20006668  2.89178212  0.21657894 -1.25468088 -0.43375797 -0.32393054
  1.33489241  3.06047118 -0.92931878  0.76448514 -6.44687357  2.27014581
 -0.74989432  1.69165928 -1.5853298   0.05989415 -1.48083069 -3.48386753
 -2.59886924 -2.08602023  3.43591344 -0.55203601  1.30593329  0.92589898
 -1.38941349 -2.33079927 -1.54687273 -1.53647351 -2.859106    1.64734088]",1069109926.4525536,1056180511.037708,1025025856.602099,1011488504.7477924,987228093.4900669,936602058.2994194,924555871.3020263,855836906.2234412,819759357.8007247,721389314.7631657,665785820.9312584,600421221.4038277,572510788.0907774,448010850.95725256,356893371.620385,328066533.04416573,282111265.3481152,187954414.88598907,152492226.93518442,125875108.14044067,133655919.25079244,87491555.1026902,50134274.433365695,48355366.29712645,84277874.41080369,70136852.4282827,233204321.4118965,105460679.80051365,41260883.50822937,62813887.014823504,69743228.99827789,60917390.22270847,75759147.4210947,18571388.21742573,6789867.467255788,20376188.67824168,6464880.110706388,4688233.063101579,3619636.990624205,1413376.4752267993,935522.3166163361,967272.7236238562,193600.83289504473,373986.5849882957,133016.89134461494,34855.55395103643,139554.79223444645,18839.23454554273,2959.4985620019,442.01727106073525,29.87020089553853,43.21150816381294,888.5142234489714,36.99137127516299,37.19502685251504,23.377183583394384,14.64954418760473,15.788549797145382,15.625274402007388,17.74651972140814,9.365051240817124,14.552246531179414,15.324544645490839,10.897603933418589,12.000240499728097,11.02208238743978,9.657072257767988,9.846868011213813,9.088165140092306,8.672859567232665,7.132165413818938,4.655787419083458,7.348185083982201,5.740192071617167,3.9151648233951417
CMAES,F12,0.8170652389526367,"[ 2.36886766 -1.07848811  0.14186589 -5.16474862 -2.72407875 -3.97217463
 -2.3512369  -0.3606874  -2.81105617 -0.31890968 -1.11449579 -0.28530935
  0.11427625 -0.76475216 -3.68458863 -1.15114611  1.10125177 -1.04371775
 -2.2478039   1.63970441 -1.62925954  0.96162143  0.49960779 -4.54855022
  0.55411525 -5.19775037 -3.92026402 -1.34314206 -1.80934241 -3.94628464]",1250500210.0729156,1226490464.4953558,1188904910.8196392,1135930646.531776,1099677048.9763746,1065825738.8096703,1009492386.3567978,920501681.1266698,836031816.5630611,780781609.9316635,703810838.0747772,588813464.1751937,506667705.35554945,445960933.4804038,340366033.8526183,257463639.08859465,247649608.25706282,190446993.86689046,99243995.7508895,89701749.0439858,113153998.17627111,59733557.656029634,24408431.609886147,6588947.592407269,29237445.155470762,47422768.51038965,48953554.58984905,69536520.89036295,192940958.85067293,139405433.50523907,117162221.57515441,85289969.55951181,71261638.33492297,16377707.218302283,20962906.53548876,12836371.555478636,35123110.99246882,5597023.019759229,5388992.88480416,4381639.041579627,556378.2557472266,2679196.3858607966,3018097.665282923,1148952.0695736622,193516.58293382483,150514.34046158846,71860.90923479339,342524.0603385221,8211.7566101084,1378.747823873352,13446.48837286846,15300.76083048993,3870.7835394980743,869.949753899752,57.43037709291956,1080.9553955063916,786.4797201538865,26.071377296239135,18.804104132890508,18.482034193124925,16.807881733944562,16.37958284691885,21.034431376194163,14.69061589997773,9.381009495398674,11.106856518697255,10.262639211584768,6.540586379730316,7.32755269043065,7.880158660655357,6.789543450576134,4.733958964465278,6.475972057539944,4.725084734723246,6.194548767537872
CMAES,F12,0.8118996620178223,"[-0.22542143 -2.42264342 -2.04249991 -1.74335233 -0.29416185 -0.40979387
 -0.27519978 -0.18932497 -3.26168042 -1.1329385  -2.00499113 -3.40113551
 -0.58135306 -0.19666072  0.23061847 -2.20223759 -3.09653289 -2.38030207
 -0.20479063  0.8855948  -3.79598901 -3.38317396  0.02107727 -1.67451585
 -0.56696873  0.55350628 -1.8781735  -2.70709493  1.12137733 -3.13453118]",755031789.735308,736417469.6930318,717691667.4561328,688819880.0724223,666509271.7328281,622629266.49124,581918439.0530586,556287966.460592,488632899.51396716,434977470.64188683,383480152.6555305,324608037.43592787,272665158.82515234,214300093.27451855,162398619.68654412,118000390.73372683,103625245.92806186,41379417.38952291,49160583.80253449,19786300.58519938,63076737.29678853,28309391.465688735,22899486.924609642,28888842.49737372,39863353.8994718,10787850.149958752,27636213.983014576,33439201.55553045,29251881.311459195,10193989.837979324,34057025.488087654,37345713.29694616,23622273.82237775,3622542.7020876682,3786947.5035984996,1281130.658777936,797226.4747006027,165621.7911478143,164260.674905386,4566.752271145851,5141.613126591374,306.51080209282986,6469.715497145912,4034.057600072012,59.91012576238188,45.88801565573053,312.8388554223075,707.062695427379,34.10182178360283,40.472461906206654,28.502632024472067,24.66166761606989,20.23505689180585,11.385253285585085,8.850110568075005,15.790407492019613,11.744626504763312,11.612909735964667,11.427508314624136,7.710175816168283,13.387327866351551,8.536093064937736,7.12033062942398,8.943545552783196,6.569261207520095,6.79748531776479,6.601417435769292,5.408365217002358,6.487393920478378,5.140117439912881,4.131461656372863,3.995102263610717,3.5183509555214183,3.0601007813889365,2.992463269662931
CMAES,F13,0.8966114521026611,"[ 3.98298425 -0.81015921 -1.50719983 -2.75470124 -1.37414648 -1.36805787
  4.05963648 -2.41162885  0.76628323  2.97983739 -1.35988516  1.58770331
  2.69514198  0.99809183  1.26087613  2.31779312  0.71396716  0.66417321
 -0.53603655  1.47325431 -1.59942144  0.59319453  2.17510544  3.93634966
 -0.7055204  -0.19428996 -1.95020276  2.79147401 -2.11445881 -0.35022378]",1957743640.9835212,1938564319.3178182,1887535015.1334622,1843138134.4745998,1794617919.515006,1728534861.6119962,1636343154.896124,1578364187.8045754,1473061513.359185,1433837959.8025591,1282015399.6995082,1233214955.6960459,1085645525.6663787,887242491.8210514,806154539.225093,627365046.5601349,599238249.8611751,512153116.07304764,286443244.8898912,220733775.35748526,162867067.1283778,214231735.54483974,148447718.00720903,169024671.42926902,265367185.41694912,263693559.91026786,225253675.18398225,292901279.7317301,152886345.9379443,163988802.91489336,176438706.82961154,178226045.1160771,41224874.82582094,86824339.15862045,80770770.72283058,73461603.06349334,91094550.86546378,23974009.142682996,21238071.84079145,20183168.852841068,5571584.463965555,4665959.651044268,5245109.853936429,8211983.734494126,1938225.2877442343,3113149.162763792,2690637.378715714,1089364.5309245337,1803219.6688752745,662413.538864419,557497.2015414455,142928.1484537906,212277.6673713091,183144.62950929705,29167.12235640381,42671.76077110809,25639.4054201127,48653.69977198948,16677.652281218474,4448.158689497971,3093.2894189985527,3898.2909986307577,4343.8755571015145,16379.843452158886,2034.5527326023246,386.88430286291566,161.75287790871792,1184.3123836236443,32.740381978516375,33.476980466159645,38.026738900694,28.315919968155203,21.03822001223283,20.676736850673944,18.23650131000019
CMAES,F13,0.8915650844573975,"[-0.23540597  1.05884527  2.44677043 -0.58482051  2.49670123  1.82200932
  0.10486616  4.40758469  1.30985124 -0.1076066  -0.95432364  1.4779899
 -0.31544267  1.53225037  1.86214222 -1.61059328 -0.76841552  1.23467599
  0.47208973  4.65454652  2.95178346  2.84230067  1.26984926  3.88136512
  1.69387844  3.57528865  3.55407239  0.91531402 -0.46201228  2.25473199]",1972316512.9213414,1904202166.6220505,1898257290.3748133,1835599204.8833156,1800816716.482989,1694828902.8821423,1698886399.012224,1594128973.6188333,1486169426.717762,1444911638.4551804,1363751754.385849,1267977800.2019691,1180111411.2026842,1095822425.4939256,876185359.2299137,759990284.5629562,668010712.0206047,427006709.25520587,464325885.767492,324449178.04874533,130634455.1756553,332192945.91679156,273956981.9470161,145942196.8806194,130814485.64864597,122686852.6494439,192568314.68208262,103179239.11252457,82685980.64719038,130207109.48143284,140906734.79880264,133804328.61935678,215893197.73126426,69366717.9462494,142354546.18047193,105662844.2729309,48697032.153935775,47421571.30154137,14679402.103880635,23423500.690201197,7125640.571356897,8381990.41059167,5103180.939776513,1448780.6900185382,2604938.716321887,3506495.102896049,1378784.4416654496,1215195.8637705012,1321915.1484674641,205377.52997223372,323243.2076009314,423104.9826999642,133214.82930121484,116427.73538133423,135596.40839822535,60135.02826297429,2242.949883239766,16939.61720129786,3111.1291491438965,4525.75165040133,465.7661931308596,25.418566040390985,652.0478385670204,280.6082909017518,58.0778306683807,28.896458447420837,28.366441711469772,25.667895884727667,18.8083340737298,15.45016904142335,13.723191027668648,20.54911959531036,15.938189980835412,15.089376794011182,12.61820510169646
CMAES,F13,0.9076597690582275,"[ 5.14955302 -0.96682093  0.96696807 -4.19795104 -0.69323502  0.62564224
  1.53611007 -1.70622409  3.72865026  2.09810683 -2.01905844  1.85224754
 -1.41666701 -0.74772897  0.08726862  2.16108539  3.19955349  0.86206853
  1.32463461  2.44843557  1.61237433 -1.68316031  4.49264523  1.36859289
 -3.02410287 -2.87780234 -2.30734261 -2.26054604  1.1191663   2.71926043]",3275115927.0537057,3261169552.7413783,3178966834.4450526,3128813095.3155065,3129042216.2461743,3074095104.589122,2979511207.7661924,2959847987.3633375,2813265674.7083693,2720556784.0020466,2621071062.0845423,2353702308.0005436,2270202632.3256235,2107040614.982723,1809136850.4203966,1675139867.200707,1471883793.200607,1040057546.1169426,919584873.8118625,817771850.2265537,645359500.618963,547135248.5168099,444387237.5914818,380933344.54647195,315844263.8902415,424525693.1718747,218383746.6831997,323342108.37845856,170402006.57425874,372574302.71938056,291286741.8954211,268099365.13214326,371236221.31113225,474843131.44929695,558182505.7630212,308571334.3670934,217868450.5172482,190771359.38428706,123287348.14448974,42184428.79476693,30752322.11690692,32489970.19913337,71512990.97347453,4646750.259440361,16417734.950327883,11097110.948416658,24896238.74799692,13119528.970267743,10307521.021693615,6843815.3071333775,4125262.7212655395,819061.1477022269,1101536.5628596619,1350321.5752250534,285369.91430056485,364026.894889053,500514.453056643,137877.1426942316,132385.3448936884,412.1612414927492,74924.23934122716,117125.19686739364,36354.11764777198,8877.0448763313,4099.085190770294,749.6571207254514,89.22719212939299,114.38438318314951,262.66129989126955,32.74745165125405,24.325402491674943,63.8026399669149,45.17369087450324,47.67243868011977,31.17267299709897
SSA,F5,3.2767374515533447,"[-2.54627680e+00 -2.31415430e+00  3.56849187e+00 -2.61248085e+00
 -4.05170079e+00 -2.01762762e+00 -3.57290019e+00 -1.22013140e-03
  2.02806445e+00  2.24341712e+00  7.55801140e-01  1.05823668e+00
  2.41198255e+00 -1.43199262e+00 -1.75411234e+00 -1.73801582e+00
 -2.18999550e+00 -1.69608692e-01 -3.28331675e+00 -5.44530715e-01
 -1.88109231e+00  1.08988903e+00 -3.49775792e+00  3.01815055e+00
 -1.24498938e+00  2.90867093e+00  2.63787702e+00  3.11132364e+00
 -8.66822393e-01 -2.02232620e+00]",0.0,20791828.390537072,6413258.627768815,3682810.419178651,2815470.1991332574,2246032.569008131,1797382.720748663,1478703.2296469747,1478703.2296469747,1478703.2296469747,1478703.2296469747,1478703.2296469747,1478703.2296469747,1478703.2296469747,1478703.2296469747,1478703.2296469747,1478703.2296469747,1478703.2296469747,1478703.2296469747,1478703.2296469747,1478703.2296469747,1478703.2296469747,1478703.2296469747,1478703.2296469747,1478703.2296469747,1478703.2296469747,1478703.2296469747,1478703.2296469747,1478703.2296469747,1478703.2296469747,1348793.242907322,1344865.360731241,1331347.0572221659,1290978.2811875374,1172270.1822896935,801796.3058316152,673873.1222069021,564525.5524816838,430905.28356070456,368302.7281608501,308835.45840909146,288161.97345031693,256356.75373842247,242898.26264810926,225177.7053819393,210145.63375780356,201985.83609169954,192990.76394921835,189512.32256857428,183949.60844037795,181112.03309597593,177669.3606137669,175317.04313387375,173963.08363959935,172666.76372707827,171977.13255167525,171372.17653158563,171090.00428588546,170815.9537095767,170626.27982768798,170510.03532878586,170371.3407957473,170283.21856053584,170213.01572859046,170181.55276705304,170158.4443071523,170142.0405902776,170134.14525445885,170127.35042857652,170120.65903823095,170117.56724179527,170115.17424489863,170113.86971702173,170112.43904398274,170111.53366058733
SSA,F5,3.276186466217041,"[ 2.3718554   0.71950679 -1.92915603 -1.39994922 -1.23161076  1.32691476
  0.82397929  0.470109   -1.16267122  2.37785424  1.76981787  0.53474791
 -0.20885376  2.96133031 -2.33740012  2.1563128  -2.35051164 -1.38528519
 -0.82355131  2.2281049   2.98411735  0.72488768 -1.03263999  2.50116323
 -2.29705074  0.45060548 -1.27761856  2.43779847  0.38561154  0.0903237 ]",0.0,20078113.313689154,4624910.5380427195,1742589.1124628966,1226039.6483958056,1054739.5406663413,966680.0718039138,908742.8473594319,892105.1895515101,880173.9401859306,866143.4230874648,848460.2804932853,826832.7589511047,814032.6576534492,814032.6576534492,814032.6576534492,814032.6576534492,814032.6576534492,814032.6576534492,814032.6576534492,814032.6576534492,814032.6576534492,814032.6576534492,814032.6576534492,814032.6576534492,814032.6576534492,814032.6576534492,814032.6576534492,814032.6576534492,814032.6576534492,814032.6576534492,814032.6576534492,814032.6576534492,814032.6576534492,486750.6802866108,451532.81303867634,392342.1211813283,278456.37082151184,194759.96377637357,164576.3478022067,138102.89238543858,119031.63703292984,100156.27853397254,88861.90667617944,81408.37621406493,73334.9924121948,66808.85796273011,64377.85398923357,61561.61983666294,60015.34924961969,58568.15314425247,58006.82907740478,57044.413420736746,56484.02795207332,55891.14180540865,55633.907414557114,55374.67821969392,55232.649528493566,55166.60623760367,55060.77987223089,55004.47454679432,54956.2885722905,54925.28356751857,54892.907425474696,54875.87676079185,54867.82233240771,54858.21713181818,54854.83418677556,54850.07087424224,54847.664012500376,54846.15358523552,54845.218484347155,54844.45896300153,54843.92771654111,54843.6422165269
SSA,F5,3.1647274494171143,"[-3.69058491 -2.06804306  0.82896847 -3.30745006 -2.52931866 -1.35398603
 -0.17319249  2.13051408 -1.94071073 -0.41581707 -3.79643323 -0.41713413
 -3.69859877  1.62506705 -3.16321261  3.22042529  3.74975784  1.43682141
  1.37844115 -2.42977405  0.84478497 -4.04886759  3.46330438  3.6444699
 -1.94728595 -3.01667175  0.63171152 -3.04240102  4.32931853  0.17512558]",0.0,30607241.52722008,11386824.9320928,8208634.158013149,6216231.407782638,4768172.658018869,4413446.762865677,4413446.762865677,4413446.762865677,4413446.762865677,4413446.762865677,4413446.762865677,4413446.762865677,4413446.762865677,4388918.713433017,4235423.786542455,4107186.5375185916,3998040.6274286155,3998040.6274286155,3998040.6274286155,3998040.6274286155,3998040.6274286155,3998040.6274286155,3998040.6274286155,3998040.6274286155,3998040.6274286155,3998040.6274286155,3998040.6274286155,3713570.362470722,3713570.362470722,3650490.975547685,2883415.413057605,2265095.7566103674,2073112.0336270768,1824235.3711385096,1258890.3128934777,937607.2015284237,776454.1560143286,677101.3909110153,614485.2452255798,506727.59244025435,402983.99255906674,355047.0244136961,330625.4940917676,309278.6201537832,287282.081397407,270152.7376735655,260591.04075820744,250071.4363581909,244645.4523066636,241313.0237655868,237157.4467913189,234967.06697279462,233280.41662056933,232623.6963661452,232055.70771922768,231548.3750453333,231125.910041187,230951.46033953113,230627.0113813231,230424.00986154279,230277.20631926865,230197.18264793238,230143.50624123326,230096.78732598526,230074.00217554436,230062.89030337555,230050.217536568,230038.38199080352,230032.0217990872,230027.56267361052,230025.62643951605,230023.5035568312,230022.33224539435,230021.77319787248
SSA,F12,3.5626254081726074,"[ 3.2438679   3.28913718 -0.88123414 -0.46404157 -3.61399346 -0.68011649
  4.50118245  6.95736422 -1.01615341 -6.13534172 -8.95117518 -1.02831678
 -2.02101646 -1.59269718 -3.78197092  2.37718025 -4.9462229  -1.20710371
 -7.67506748  6.98507974  3.01222749 -0.39735263 -0.32463196 -0.0764536
 -1.99817263  5.11065816 -4.99694588 -1.04566082 -3.90327456  6.49091278]",0.0,24853619.332298413,5307334.534537251,1561426.0999017665,537090.7495482633,494666.08333717944,398047.02211439953,178370.6861503888,97175.59173862517,60295.02641572534,40767.39404221476,40767.39404221476,40767.39404221476,40767.39404221476,40767.39404221476,40767.39404221476,40767.39404221476,40767.39404221476,40767.39404221476,40767.39404221476,40767.39404221476,40767.39404221476,40767.39404221476,40767.39404221476,40767.39404221476,40767.39404221476,40767.39404221476,40767.39404221476,40767.39404221476,40767.39404221476,40767.39404221476,37678.272746077455,1813.5695480863258,32.606610555177966,21.887665334854923,21.887665334854923,19.029515375422545,17.895622346521435,12.574538545146973,9.799326700882219,6.973319652047346,6.973319652047346,6.973319652047346,5.71401714401531,5.71401714401531,5.220171196790365,5.193858663953891,4.87196063923172,4.67123336427548,4.526247826191089,4.33762880067568,4.2754570038211535,4.2424476634577,4.199239077376898,4.178752158459342,4.147078162536736,4.122946619234903,4.103207382009618,4.0969569730472895,4.0888195490839605,4.085467751680465,4.083199415221298,4.080831682721961,4.079277102266978,4.078211649301772,4.077591897236872,4.076952402007091,4.07663375027786,4.076460237228261,4.076246197805308,4.076108800735111,4.07600943215711,4.075954485670073,4.075891577048305,4.075867535688577
SSA,F12,3.54180645942688,"[ 7.56760168 -0.8230814   6.78434736 -5.0801872   7.82190073  7.08135116
 -0.47072713  1.36792334  0.38456024 -7.34438931  6.25811028 -0.87082325
 -4.62921864  9.1886408  -8.8998055   2.19505868 -5.57089754  6.55166236
 -5.8927869   7.88772457  7.15349618  3.18696827  6.65328319 -8.873567
 10.18561522 -4.84259472  9.56891433  3.01800861  9.36401826 -8.9880452 ]",0.0,29152297.83798026,1602940.3058326256,1274348.4826237618,1274348.4826237618,779630.9299005419,386170.57368345425,201316.73886010837,113673.34506995248,77072.98751580887,58854.17811728199,46665.29712033366,34046.38294528374,23551.77325162441,16579.366832531614,11928.046228953299,8812.294219146279,6720.534805316137,5318.419197479994,5318.419197479994,5318.419197479994,5318.419197479994,5318.419197479994,5318.419197479994,5318.419197479994,5318.419197479994,5318.419197479994,5318.419197479994,5318.419197479994,5318.419197479994,2629.452999775157,2629.452999775157,2629.452999775157,323.70660342944393,98.98037515506068,98.98037515506068,95.98695146309574,65.72332485462998,60.870256745736214,52.05435056661343,45.00542709586296,42.60102766595952,36.707292959515996,34.950077209809415,31.216430378435344,27.483499948420874,24.906725154088797,24.593166128869967,23.41253889544428,22.54850842535524,21.880045752565948,21.598836942953316,21.395405401399447,21.12781358175609,20.949132226348993,20.821042550010134,20.68605367966408,20.619810349215562,20.542482473282448,20.50513532779524,20.47645972090374,20.461397800114348,20.450659121514295,20.445810777698515,20.440048285271324,20.433874145070522,20.430696757553697,20.428337401229626,20.427156143681028,20.426451231507137,20.425889036877855,20.425463499613368,20.42519957140349,20.4250951239869,20.42502370122527
SSA,F12,3.496096134185791,"[ 3.03001586 -5.53188635 -0.99074917 -4.21557267 -7.70003421  2.98032404
 -4.58540984 -6.02254064 -4.56552694  5.8236939  -1.12449869 -6.12790354
  2.81792659  2.4520527   8.40587723  2.99614152 -1.27140082  8.86977589
  6.93952006 -1.09034922  1.05953127  6.6641014  -1.02314504 -5.76933431
  2.90005273 -9.4587113  -0.91261485 -1.22976706  1.538124    2.77438689]",0.0,12298632.70355681,456664.2766563251,111264.16780759607,33957.3388950315,10195.45567078077,2123.422657736902,597.815977251395,119.90335756084812,103.13413759699661,54.74616117972479,54.74616117972479,54.74616117972479,54.74616117972479,54.74616117972479,54.74616117972479,54.74616117972479,54.74616117972479,54.74616117972479,54.74616117972479,54.74616117972479,54.74616117972479,54.74616117972479,54.74616117972479,54.74616117972479,54.74616117972479,54.74616117972479,54.74616117972479,54.74616117972479,54.74616117972479,54.74616117972479,54.74616117972479,41.41150549822904,38.37472777296943,27.479462225043378,24.067830474257168,24.067830474257168,24.067830474257168,24.067830474257168,19.06637712657599,14.253544796878401,13.246062982408995,10.484235265771922,10.484235265771922,9.41207186213115,9.190171583360447,8.945561669652133,8.871614554553762,8.543643457271576,8.320314508297905,8.201720827636661,8.068203775004397,7.993396356922307,7.9451689919327375,7.9040719006448565,7.8555421320325465,7.8178118896441235,7.807585388983483,7.789880325434761,7.770651609462011,7.761322494335332,7.755746826775563,7.752767522417212,7.749889204183925,7.747464560524606,7.746068103405662,7.745017686976221,7.744412460617104,7.744024440844059,7.743821063806745,7.743560010098739,7.743439285669028,7.743403603858249,7.7433704290940755,7.743344965351924
SSA,F13,3.51436185836792,"[ 5.39762402 -4.46446395 -5.71129696  5.71133102  4.42077687  5.82640597
 -2.61422611  5.5079124   3.22773713 -3.60303123 -2.06282387  4.9266084
  1.2961486  -0.91494241  5.76566907 -0.97470043 -5.53764572 -3.39350436
 -3.91512844  5.4104133  -2.11800763  4.25033256  4.24723422  3.06400725
  5.64276656 -4.90909505  6.07791075 -0.0522629  -5.25376676  4.94994275]",0.0,51883281.77993203,13425593.350372067,3757021.0332626426,3078985.1739760255,2660776.375899722,2660776.375899722,2660776.375899722,2660776.375899722,2660776.375899722,2660776.375899722,2660776.375899722,2622443.8581595244,2526875.0454536905,2444529.00491486,2369483.296725889,2298535.038473093,2230380.134024445,2164711.2876934204,2042521.3239973276,1913004.3730681618,1913004.3730681618,1913004.3730681618,1913004.3730681618,1913004.3730681618,1913004.3730681618,1913004.3730681618,1913004.3730681618,1913004.3730681618,1913004.3730681618,1287702.0075452023,830405.6162670306,641760.4514774409,362567.6658974079,165320.56671088003,72659.32111264527,72280.28318141129,37811.33274347396,36117.00467883526,19255.878252741863,10166.084727388246,6800.013776579836,4629.464336590879,4232.047268691724,2714.8664816915352,1891.421256910567,1336.2776487200051,1008.742919164118,769.3389354502184,667.716950971492,579.9414763264069,524.540405354911,481.4447698330956,456.8233046878767,435.3022887270067,421.7057241782935,408.4470510191775,401.8352436930182,394.23575978289927,389.8990791629435,388.0067018196652,385.6989090014017,383.7953501807484,382.889563660072,382.11456759880997,381.69761446372075,381.43635172241574,381.2776690732911,381.14874679025206,381.07774480309746,381.0158868178904,380.96637330151447,380.93226971758924,380.905846212288,380.8909894898253
SSA,F13,3.4974730014801025,"[-4.82613248  0.22155625 -6.19942428 -6.98884805 -1.62822646 -5.99779906
  6.88589253 -0.75826078 -1.28925782 -7.40447887 -6.8247546   3.51632223
  7.19711115 -7.39390396  6.32299679 -5.33796215  7.34400498 -6.60372296
  6.92511775 -6.15524345 -1.88715685 -2.56007742  5.63565315  7.31875958
  1.57856547 -7.09593973 -6.39964076 -6.90315564 -3.18310583 -6.78501329]",0.0,83193019.38837454,38734934.32552062,14120851.583942119,9498070.643008709,6773100.108329492,6622737.064386361,6081946.434890476,5620181.748596585,5237712.792312637,4950733.586746712,4721246.0295275375,4520028.914693722,4520028.914693722,4520028.914693722,4520028.914693722,4520028.914693722,4520028.914693722,4520028.914693722,4520028.914693722,4520028.914693722,4520028.914693722,4520028.914693722,4520028.914693722,4221462.315829074,3927195.121156623,3733972.974340927,3611604.5318253795,3540170.8026286196,3506140.4147917014,3499578.5020302734,3067069.4910772853,3067069.4910772853,2317554.616963298,1813137.2284644484,784812.6037850863,365563.0350113051,245194.6321558338,151124.64932241288,131962.73709577697,80043.03859406553,73481.28102617656,63074.22517552583,53184.408564831225,45876.326492298744,41486.609329285384,36565.046479936245,34295.48448092119,33141.336192525436,31784.084794988445,30245.896830713773,29111.841184462934,28212.059804081222,27809.977906145425,27374.91029692346,27122.882410327904,27004.419384628898,26894.005404070005,26764.710816830873,26667.65454967856,26591.28975906772,26541.59190211981,26516.45208640105,26493.135143918265,26480.412594354188,26471.3895646498,26467.161485875287,26463.26594561599,26461.94520441168,26459.872407117593,26457.494221138626,26456.81585937833,26456.24098900256,26455.807607568804,26455.468301968747
SSA,F13,3.51041579246521,"[-3.24946201 -4.86734273 -0.93836191 -3.63366242 -5.72576489 -5.86791125
 -5.40520366 -5.75778766 -1.1112939  -6.02704139 -5.59327174  5.91945483
  2.59980427 -5.92578601 -1.2965289   5.90518964  4.91989782 -5.30087983
  2.03231167 -4.97974078 -3.99578416 -5.76094666 -4.28749719 -5.77194802
 -5.12534703  4.40703321  4.55521671 -5.79119496  5.93391167  1.26997367]",0.0,121731591.45049985,31758892.616177116,13253016.425442569,11968678.16951412,11033347.761379171,8069147.62594109,5965114.392324595,4754280.321117964,3850155.8133979654,3169284.7129962128,2654060.279583751,2261348.7742942926,1958936.3914967056,1725738.1971490486,1725738.1971490486,1725738.1971490486,1725738.1971490486,1725738.1971490486,1725738.1971490486,1725738.1971490486,1725738.1971490486,1725738.1971490486,1725738.1971490486,1725738.1971490486,1725738.1971490486,1725738.1971490486,1725738.1971490486,1725738.1971490486,1725738.1971490486,1725738.1971490486,1725738.1971490486,1226556.1448615424,909442.1571786779,206738.7977342744,206738.7977342744,88278.51084584215,55361.84110212006,34461.23562466486,21890.109585337465,14514.41813142698,7383.704221398215,5239.438465023741,2808.775561456474,2521.5574682093225,1677.9466813347613,1519.9163348820673,1312.2915512761922,1225.662105134197,1070.8013821678057,961.7410894898742,912.2933894909809,875.4912892278769,833.5287549682445,815.8830090291736,807.3296830322633,794.9616760102901,782.4118084341617,776.1075453631379,771.5182167445663,768.2193658936874,766.2889130190563,764.3233661493645,762.8149166556346,762.0468462030727,761.6679131083542,761.1578089158121,760.8031758170436,760.6504476496273,760.5263534555382,760.442853485978,760.3950789083293,760.3721786005689,760.3448824881839,760.3214278745661
PSO,F5,2.15299916267395,"[-1.19939539  2.00929248  1.53534407  1.57800256  1.79672022  0.23423743
 -1.17797868 -0.51366267  0.11330346  1.31479547  1.6990327   2.11420487
  0.45415405 -0.7211918  -0.51942934  0.08608476 -1.49191971  0.94067788
  2.0514779   0.5762808   0.50808224  0.66039602  0.54988544 -0.08066115
  1.42352615 -0.69403131  1.16194275 -0.64428407 -1.22996552  2.75057664]",203222121.6422291,115876335.19731931,37425321.47407514,9436329.866747266,2596801.0431682477,2596801.0431682477,2441297.7611666652,1113901.8812771316,1113901.8812771316,1113901.8812771316,1113901.8812771316,938007.2605277786,867960.3289453152,651554.7480201337,651554.7480201337,651554.7480201337,589207.2739071335,589207.2739071335,549204.762775496,348613.9973379065,333215.4410745701,333215.4410745701,333215.4410745701,333215.4410745701,264286.41365508584,229930.8662729987,229930.8662729987,229930.8662729987,211532.89661770492,130871.07983889656,130871.07983889656,130871.07983889656,130871.07983889656,102275.86518215077,102275.86518215077,102275.86518215077,102275.86518215077,88823.4423674687,88823.4423674687,49919.71019644583,47037.39150626867,47037.39150626867,36436.45432875436,36436.45432875436,34673.55091613406,34673.55091613406,34673.55091613406,34673.55091613406,34673.55091613406,30903.377001924535,30903.377001924535,30903.377001924535,30903.377001924535,27189.633059448122,27189.633059448122,26899.536519397694,26899.536519397694,24619.48062520355,24619.48062520355,23657.108999774384,19732.004264413616,19732.004264413616,19732.004264413616,16755.299658182135,14281.983781000768,14281.983781000768,13917.798939416807,12746.780653787746,12746.780653787746,10873.343414860805,10427.38962183335,10427.38962183335,9738.147239119771,8620.130868361319,7951.91710708397
PSO,F5,2.1493406295776367,"[ 1.47663906  0.60585792  1.5429119   1.29234826  1.02793956 -1.43859238
  0.92761881 -0.88628517  1.05914639  1.73102882  1.0328555   0.32638657
 -0.00630036 -1.27017335  1.32005187  1.04529657  0.98864269  0.70256879
  0.64394402 -1.55761353  1.87558908  1.01394749  1.48936218  1.62829233
  0.92031633  0.74521168  0.19906723  1.64770085  2.29424099  4.65975406]",324740792.84124154,136525682.476222,49673909.34567546,13322765.066499628,4872645.472389487,2908653.8669147817,2908653.8669147817,2114136.4509261125,1794890.6353304214,1794890.6353304214,1552752.7041225277,1552752.7041225277,1552752.7041225277,1028883.2434682129,823251.4351128499,456835.3231811005,456835.3231811005,324031.90645143733,324031.90645143733,290643.34195330343,249496.78840171325,249496.78840171325,249496.78840171325,249496.78840171325,249496.78840171325,195188.95416603223,146306.58909726187,142111.78425547795,142111.78425547795,142111.78425547795,142111.78425547795,142111.78425547795,96169.30498237016,96169.30498237016,96169.30498237016,85839.50623143488,81952.20114900419,81952.20114900419,57122.42636476051,57122.42636476051,37514.47827609007,37514.47827609007,33465.77539277476,33465.77539277476,32159.6466466628,32159.6466466628,28391.553684540417,26136.564360457684,26136.564360457684,23885.421048456792,23885.421048456792,23885.421048456792,23885.421048456792,23885.421048456792,17164.471072831755,17164.471072831755,17164.471072831755,13121.76326443364,11977.054621464016,9851.899833662526,9383.14819187067,8024.929191644457,6586.260981583112,6477.016275665578,6477.016275665578,6477.016275665578,6477.016275665578,6445.466688891403,5351.292261180244,4886.70972172906,4616.331181377958,4542.634210679855,4542.634210679855,4298.310072177694,4076.6831543550647
PSO,F5,2.1763265132904053,"[-0.71072149  0.74937221  0.53081761 -0.11420962  0.77178366  0.73312754
  0.36042335  0.42562839 -1.37191501  0.683173   -0.28670001  1.26683137
  0.96812669  0.7947176   0.7262226   0.6520777   0.54260025 -0.62652844
  0.4095681  -1.15679373  0.86880052  0.36881877 -0.64374838  0.3127461
  0.13035768  0.68436884  0.9699288   0.72997164 -0.60816904  0.28829975]",282262492.0126403,112404909.3059204,45207853.381986335,10303281.833172217,4620190.555150776,2622383.4093870227,1829339.284268203,1829339.284268203,935840.6240172258,935840.6240172258,935840.6240172258,916348.4373430714,916348.4373430714,648379.8690389299,648379.8690389299,648379.8690389299,270389.33915796253,263380.47035214404,263380.47035214404,263380.47035214404,263380.47035214404,219722.84186909162,219722.84186909162,167038.57486955874,167038.57486955874,122409.20387520862,122409.20387520862,122409.20387520862,122409.20387520862,122409.20387520862,122409.20387520862,122409.20387520862,115320.81257656429,115320.81257656429,115320.81257656429,90552.0211633698,90552.0211633698,67907.00406182017,57603.560607262996,57603.560607262996,57603.560607262996,56597.81187212062,47708.40729841858,47708.40729841858,17861.12268963299,17861.12268963299,17861.12268963299,17861.12268963299,17861.12268963299,14590.925856888287,13181.868407572396,13181.868407572396,12384.22437564153,8372.667483080133,7626.793525958496,7626.793525958496,7626.793525958496,5539.293328027544,5539.293328027544,5539.293328027544,5539.293328027544,5127.25468073081,4059.838602935929,4059.838602935929,3297.3223536150854,2712.1281692846123,2325.866772989211,2325.866772989211,2115.6976904111134,1756.8592833016185,1697.0302229186643,1678.962209585092,1666.6257284519552,1620.3173409156104,1313.6655002752163
PSO,F12,2.387378454208374,"[-4.57589596 -4.80924985 -5.59559224  2.98371636 -5.51175216 -0.6291524
  4.90932987 -9.03727724  3.21118667  2.30417023 -0.6905369  -5.49661206
  2.91351018 -5.42360823 -4.90258661 -1.34092337 -2.51206345 -1.13488196
  2.2799925   2.72412132 -4.88460216 -0.95297428 -1.89153407  3.10500792
 -1.24728432 -0.1225756   6.323437    7.2149297  -5.19942542  7.22785135]",680154227.307096,354777961.43298,146952013.61428162,41502889.608964905,14225887.837693645,4181633.1042065024,1734109.9724677582,188280.32873780897,21201.79465899251,9698.120924665918,700.0415949266909,327.7764070789109,36.77384466791671,36.77384466791671,36.77384466791671,36.77384466791671,33.78889244378223,33.78889244378223,33.78889244378223,29.667259415706138,25.723793861157812,15.974438903947437,15.974438903947437,15.974438903947437,15.974438903947437,15.974438903947437,15.974438903947437,15.974438903947437,15.299298853225597,15.299298853225597,15.299298853225597,15.299298853225597,15.19420934856292,13.663557145613868,13.663557145613868,13.663557145613868,13.663557145613868,13.663557145613868,13.663557145613868,13.378628976076623,13.378628976076623,12.4239425884451,10.69358947834218,10.69358947834218,10.69358947834218,10.69358947834218,10.69358947834218,10.69358947834218,10.69358947834218,10.69358947834218,8.902068603142505,8.902068603142505,8.902068603142505,7.906681077635119,7.906681077635119,7.906681077635119,7.906681077635119,7.906681077635119,7.906681077635119,7.906681077635119,7.862301391176552,7.733750634290952,7.481892672860198,7.243436780228334,7.243436780228334,7.072296914955523,7.072296914955523,6.961445103838616,6.9058257584262845,6.9058257584262845,6.507843592148342,6.1620434318917106,6.1620434318917106,6.06607292075448,5.216684582067248
PSO,F12,2.3795039653778076,"[-1.16853447  0.24469977 -0.44582714 -0.66330838 -1.46796253 -0.56166764
 -3.97946774 -0.8460684  -0.49507053 -1.48772949 -1.33816936 -2.64547464
 -1.1024234   1.82129285  3.25479179 -0.89041715 -1.04836887  0.63681969
 -1.28803968 -2.25384581  0.07096219 -1.55486517  1.01212121 -0.83940587
 -4.15411265 -0.83602909 -1.59606923 -0.37345545 -1.30539387  1.29880134]",497200404.36376387,299796200.07766914,164639867.38895375,55056322.813207954,14890344.545165678,1606027.467651909,128707.16325440895,2856.7278152328777,2856.7278152328777,2856.7278152328777,2856.7278152328777,860.7740320414274,86.11419227966219,86.11419227966219,44.075653028063925,43.07746088332977,38.15209849099101,26.809353300132106,23.065923162696254,20.635765807004635,20.635765807004635,20.635765807004635,20.635765807004635,20.635765807004635,17.581135299771997,17.235260432310277,16.385619272781383,12.692636472265608,12.692636472265608,10.681363024945645,10.681363024945645,10.480290393454132,10.480290393454132,10.480290393454132,9.721646532822156,9.721646532822156,9.721646532822156,9.11802688889105,7.696603056277864,7.696603056277864,7.696603056277864,7.696603056277864,7.301874542150006,7.301874542150006,7.301874542150006,7.301874542150006,6.531238981633614,6.531238981633614,5.862772763533487,5.862772763533487,5.862772763533487,5.862772763533487,3.954049288386459,2.768672151679251,2.768672151679251,2.6928431024003516,2.6928431024003516,2.6244362186289734,2.6244362186289734,2.5246816001996084,2.5246816001996084,1.3869001610665146,1.3869001610665146,1.3869001610665146,1.2365475364046434,1.2365475364046434,1.2365475364046434,1.2157606861027135,1.1549900447924846,0.9744827950823971,0.8901402906436571,0.6784231177418237,0.6784231177418237,0.6661057152469544,0.6661057152469544
PSO,F12,2.3955955505371094,"[-4.93028992 -1.09040196  0.17243631  2.91785228  2.3319859   3.6733548
 -1.16805902 -5.26007302 -1.13902117 -9.72597161 -5.14829666  2.67613905
  3.42217102 -0.56224085 -7.12723091 -5.08771363  2.28234142 -4.846925
 -5.50336909 -0.78320363 -1.28825395  3.95919608 -9.04300231  2.94965277
 -1.34574547  1.42806183 -0.49363893 -1.37031706 -2.12125357  0.34587674]",533543026.4449297,301696148.8861296,124657532.11760458,43238339.619878456,12977779.168468159,2464421.8592560273,817311.2251149497,98856.38879255523,66110.45414390898,59092.348380713374,14225.502323254783,1291.9558455263711,1291.9558455263711,1291.9558455263711,1159.6700771596206,590.2076975591618,239.58102100695348,184.18287738077728,109.23397275393886,40.47807576893624,40.47807576893624,40.47807576893624,40.47807576893624,31.377831391136286,31.377831391136286,26.477788165493603,22.51872382806975,22.51872382806975,21.8386790079228,19.499646116625957,19.30634858598239,19.30634858598239,19.30634858598239,17.501166864827237,17.501166864827237,17.501166864827237,14.961888417733112,14.961888417733112,14.961888417733112,13.330754048913105,13.330754048913105,13.330754048913105,13.330754048913105,13.330754048913105,13.227526081688241,11.234165292530543,11.234165292530543,11.234165292530543,11.234165292530543,10.665080282999277,8.720154577115657,8.720154577115657,8.720154577115657,8.417348336314893,7.715398488704326,7.715398488704326,7.715398488704326,7.715398488704326,7.715398488704326,7.715398488704326,7.680334440846207,7.680334440846207,7.3597986328083325,7.3597986328083325,7.347851686762257,7.347851686762257,6.898469454329247,6.898469454329247,6.549059088720024,6.402162984416114,6.402162984416114,5.5165183154155555,5.5165183154155555,5.5165183154155555,4.3883177852888435
PSO,F13,2.4590885639190674,"[ 0.24959796  3.9249334  -0.37458706  1.48140011  2.79537524 -0.34522407
  4.67552801 -0.14017034  0.79195329  0.90294428 -0.09782628  2.92480147
  2.09051692  2.17292191 -0.14628665 -0.83454128  1.82891128 -1.73776645
  2.68148353  1.77548139  0.70706567  1.96548018  0.91191783 -0.66010784
  1.19451394  1.15742906  2.49663295 -0.67780336  1.34416095  3.14968868]",1396644965.8495767,895271995.9646777,443228559.7793914,192252612.7271288,60440533.32662953,18076597.827578917,4187082.499671575,295103.1018261933,295103.1018261933,295103.1018261933,295103.1018261933,251479.4462439431,130796.91968566726,130796.91968566726,83926.70796445795,80804.20441845022,75476.80255161192,28169.305889106352,26662.653385096346,22910.656745637927,22910.656745637927,235.99754898119414,235.99754898119414,235.99754898119414,235.99754898119414,235.99754898119414,235.99754898119414,235.99754898119414,235.99754898119414,235.99754898119414,206.87036839207343,206.87036839207343,174.08544620039973,174.08544620039973,150.2935599410829,150.2935599410829,104.71183551423441,104.71183551423441,104.71183551423441,77.3205874028105,60.53096188764026,59.864659396224866,59.864659396224866,51.56681141205439,48.24577777705694,48.24577777705694,48.24577777705694,41.46058786957778,41.46058786957778,37.663760599528175,37.663760599528175,37.663760599528175,37.663760599528175,37.663760599528175,33.4607785339738,29.254314838721562,27.64756004482652,26.983290356886364,24.649183240070794,24.649183240070794,24.649183240070794,24.10527954653602,24.10527954653602,21.909444041655618,19.115061480975942,19.115061480975942,18.562995645486172,17.78373059696143,17.78373059696143,12.560673599483613,12.404411932231598,12.404411932231598,11.426676005654107,10.92211163463355,10.512037037758034
PSO,F13,2.4691901206970215,"[ 1.22029113  0.17963816 -1.43168585  0.83049086  2.03860359 -0.74755082
 -1.22646938  1.91812508  0.88783681  1.97713713  1.48431338 -0.90087199
 -0.1103063   0.87814797  0.38513189  0.38516966  0.12830405  1.03033551
  0.08148465  1.5271515   3.28645985  1.65664223  1.6846074   0.71542769
  1.15746079  1.02143963  1.7666781   0.53462619  0.8291521  -0.33025931]",1024801373.650002,699168018.8287178,416352481.43430156,196837016.16462374,89702337.83005267,27430833.108909883,7454323.640669568,4122650.226668171,4122650.226668171,3429959.0346398666,2089324.804879437,1267791.371505146,1012088.817918967,398444.34362162225,248606.7384637918,248606.7384637918,170043.4412484275,109587.25441717642,87526.35942655648,54530.54443655828,54530.54443655828,51416.25931322211,48032.04055555904,19273.792228704944,19273.792228704944,19273.792228704944,14866.595518131635,13401.753033408308,7455.245623397109,4944.955319620335,4944.955319620335,4944.955319620335,4944.955319620335,3059.91521420188,3059.91521420188,2221.8629131730368,1203.2065086164735,1203.2065086164735,500.1708049130373,279.4581420578871,279.4581420578871,175.12967735306898,175.12967735306898,142.53653181199567,56.182731898823334,55.54187608654774,47.29310270445369,47.29310270445369,42.497737466968,42.497737466968,41.01393956815417,41.01393956815417,39.77877003041444,33.336665211908304,33.336665211908304,33.336665211908304,26.288791598590734,26.288791598590734,26.105927669146627,19.61896643669796,16.34716355045325,16.34716355045325,15.436977160223055,15.248953837420206,14.875436242746048,10.555033115230394,9.47438622104401,9.47438622104401,8.963536569013446,8.45451905875718,8.45451905875718,8.45451905875718,6.945151566218101,6.188725612081825,5.548689580896755
PSO,F13,2.4386603832244873,"[-0.13362642  2.04076631  1.67699877  1.36109491  0.78693389  1.18832451
  0.95502138  1.70704728 -0.2771701   1.08729591  1.15665656  3.30831958
  1.34632467  1.45866404  1.96864542  0.78389922  0.78867403  0.73020051
  0.21021438  0.70254679  0.33165869  0.07728145  1.25082721  1.42955558
  0.57332553  1.50137589 -0.75367084 -0.63633698  0.62603677  1.38977494]",1323757595.859161,861827577.8135152,456525368.4976945,201983054.25565055,65802392.96820283,25481061.142084535,6945294.885192179,1438996.2898900055,625700.8986847808,540165.0858128638,526880.076587402,365460.64851591614,88304.1454239637,88304.1454239637,84157.00593990482,63088.677735420926,63088.677735420926,38297.42708398896,38297.42708398896,38297.42708398896,24952.057054603072,5742.487144049409,1016.4097137669725,1016.4097137669725,1016.4097137669725,1016.4097137669725,734.0168463409032,555.8284870809208,519.1629081784982,121.16481648348011,92.75745449391529,92.75745449391529,92.75745449391529,67.75537995938664,67.75537995938664,45.078872700409185,36.45942297665831,35.53439077418678,29.21522213557395,29.21522213557395,24.030167825960945,24.030167825960945,24.030167825960945,24.030167825960945,16.075123653732046,13.774289883106418,13.774289883106418,13.774289883106418,12.89845780711611,12.89845780711611,11.748221309867706,11.748221309867706,10.359177240158306,10.359177240158306,9.831844506974262,8.491715254356842,8.491715254356842,7.039338548786917,5.7886667156085565,5.7886667156085565,5.6549879367769975,5.450311605208093,5.031736748165388,4.459167958892601,4.459167958892601,4.459167958892601,4.050265846047512,4.009409832068818,4.009409832068818,3.093292659316859,3.093292659316859,3.093292659316859,2.9356304480906052,2.592741817075691,2.592741817075691
GWO,F5,2.2802772521972656,"[-0.22324176  0.03545217  0.1364221   0.15424849  0.17452546  0.17149152
  0.1048197  -0.09375664 -0.08246022 -0.06802057  0.11136779  0.01215792
  0.03845642  0.0072662  -0.09013587  0.09944753 -0.09700251  0.14592755
  0.18533627  0.15591521  0.11002986 -0.11468854  0.08637884  0.10002932
 -0.06731203 -0.09822619 -0.07318698  0.1012768   0.00859635  0.10037761]",203222121.6422291,203222121.6422291,136136697.46345803,92792855.41021746,39357387.40261829,39357387.40261829,12146078.006422067,12146078.006422067,6064590.679370279,6064590.679370279,4124851.2513769795,1878973.6143458004,1492009.8134152468,1031972.410464958,427612.6821145852,256975.5926142986,190166.25453568902,148194.45249528365,74226.95944039072,29786.555981246067,29786.555981246067,21249.629802405743,13459.14052315149,11865.146453186066,6598.394989262139,4090.854364776055,3174.1237994839767,2345.9070727622834,1520.337101862286,1178.957298147865,1178.957298147865,926.900938598465,740.54101609085,719.6026957421464,690.3465615477089,506.90303472590085,442.7115757144628,390.66577323518953,337.16354184838553,262.7261517687993,243.77330963343684,227.91138039480768,204.25960758107328,191.84761419108304,171.97919495084878,157.77586779272076,149.1765215681767,137.79214552577375,121.28149476673822,115.92827994609236,104.31822519903349,100.36670444405313,94.56958429992555,91.52889820236402,87.33101225449832,83.2210937297828,79.62904755257728,77.13297561244548,74.77118174618651,72.1638220507561,70.47374637707331,67.14234856219649,65.75323396923628,64.94280300286319,63.60222582288242,62.43669784470622,61.494899800893826,60.62395395470727,59.00333496053371,58.142146771933746,57.970495373000226,57.4102766418404,56.97717224297039,56.846491820197784,56.636975215945014
GWO,F5,2.260233163833618,"[-0.25147733  0.07400766 -0.08123841  0.08601204  0.09495094  0.07511456
  0.06495433 -0.05324933  0.07438805  0.01654545  0.07051557  0.07896531
  0.02007001  0.08250712  0.0702923  -0.0405237  -0.05641749  0.06793411
 -0.06951872  0.07575129  0.06178776 -0.04326858  0.08760832  0.08526487
  0.07479538  0.08351272  0.0665191   0.05895484 -0.07263026  0.071258  ]",324740792.84124154,181053007.91942856,181053007.91942856,61499862.977344766,25409130.194357544,14649708.441156857,14649708.441156857,10375185.004304178,5558775.482592759,4098116.5356739773,3652375.7879655436,1568740.7323341037,1043017.0963252316,634494.5802149088,460037.5610552369,134280.44534926003,84502.19047461454,44799.871319971324,29323.771566742973,20085.723703965148,12692.077461890729,6727.970785017568,5872.859057728532,3140.187284228181,2769.15793405466,1609.8823141067844,1385.6292721287707,956.8077042805836,747.9625815938058,546.4601518762108,502.9903849383638,490.61321235251376,382.0219875937303,308.64330717457295,256.7393690372635,253.55365652865189,216.67260517640167,195.5603815442011,177.96917635781332,155.67135477336814,149.05093698508776,133.21419691198068,119.1361890547578,107.59444946579303,101.13530911889491,95.51981335265081,89.6513355485368,84.35683211531507,78.8544275669509,74.41107645966065,63.91004988421436,62.329927109030784,59.87374562877027,56.404975545236006,55.27115944008232,53.491180471315545,51.11025301092459,50.16230545312067,48.71118453494816,47.108378737030755,46.114421720405126,45.46710567818563,44.848539347736406,43.787791154768826,43.34584716524599,42.4619736450761,42.07135646207154,41.78501653930826,41.33452277634814,40.863671989214886,40.690023494605704,40.38627129552737,40.36868609601789,40.257072949412404,40.15482825287391
GWO,F5,2.2573392391204834,"[ 0.11215481 -0.0353906  -0.0476791   0.04983118 -0.02779609 -0.06220592
  0.0762505   0.04779084  0.05586585  0.04558955  0.06330358  0.04724526
 -0.02735659  0.05623674  0.05942082 -0.03653889 -0.0242541  -0.040649
 -0.05030328  0.01639112 -0.04066818 -0.05712354  0.05920011  0.02737882
  0.05779043  0.06275974  0.0409525   0.04983811 -0.04316609  0.04497765]",282262492.0126403,216041303.1259561,143426814.39025092,133721178.03491811,44247705.723147154,28153427.237264715,12666088.10396251,8077760.446363062,4486759.451864007,3160226.841016973,1411927.281655895,682455.6764908325,542045.4630579315,389833.3453571271,235328.1254742453,91550.01585040815,52513.09672240432,34689.92765316884,32776.75094717784,15125.199247575338,9987.16564508607,6508.891078146654,4921.689257346027,3050.8703104509736,2292.757337883627,2043.4475449925947,1695.1847730197394,1165.5145891005304,917.728905765487,738.504978327734,564.975326404934,427.83675991627405,325.03911848584386,231.74521166026608,224.77936483034298,191.87484701627778,159.1790864957572,141.57260917431685,133.40012248011567,124.31586111755996,106.11119947306396,98.04607172625826,87.77123986592082,75.12787528579045,68.31610512050209,63.90398261718517,58.95180831073548,56.991639580891444,54.00157952963295,51.178826232546854,48.47895047194776,47.215421092340314,45.580049230861526,44.04832797873449,43.103323551528526,42.34032765689413,41.244559996318586,40.50377920533039,39.362885386949586,38.99751193682337,38.11444240652823,37.83260977713631,37.52327808241899,36.88477889242258,36.49622445138583,36.2772340668024,35.9617038103149,35.5421260334675,35.47286274535244,35.33419341319825,35.18566598863302,35.04888831869803,34.95909478998463,34.89202941615129,34.844515338964555
GWO,F12,2.5014045238494873,"[-0.98261948  0.16821853 -0.9725347  -0.51651025 -1.11001918 -1.08215673
  0.92684301 -4.84737149 -1.02182169  0.12540463  0.4953931  -0.98188045
  0.95019249 -0.97801289  0.22137128 -0.98865129 -1.42196408 -0.52840754
  0.2281307   0.22795941 -0.94754732 -0.86605186  0.10208492  0.11441513
  2.40411131  2.99942991 -0.9931893  -0.73475547  0.38561476 -0.79550882]",680154227.307096,680154227.307096,396578824.81131655,326230079.42039144,226869739.32894978,42550171.45930097,38952636.18948413,4499132.482873002,4499132.482873002,4499132.482873002,45797.28974466689,45797.28974466689,23038.865958791604,10150.020493568232,1158.4844525838294,27.613309167920164,23.550196944772164,12.632466273171325,12.632466273171325,10.095671054179162,10.095671054179162,7.114510340816471,6.346956883303287,4.360774800973246,3.0110922286185557,2.0257768805730403,2.0257768805730403,2.0257768805730403,1.8196350836775843,1.8196350836775843,1.7777940405982857,1.4661369939350843,1.4661369939350843,1.2856646543190848,1.1951661966305782,1.0907163608798942,1.0907163608798942,1.0907163608798942,0.9417182911538978,0.9417182911538978,0.9417182911538978,0.909176082122855,0.8867212736078698,0.8447810709559026,0.8447810709559026,0.8447810709559026,0.8304711964104782,0.7764350429118207,0.7731947100619538,0.7731947100619538,0.7731947100619538,0.7731947100619538,0.7731947100619538,0.7534959822678324,0.743033817193853,0.7114235856625049,0.7114235856625049,0.7114235856625049,0.7114235856625049,0.7105637465451298,0.7067720900790043,0.7067720900790043,0.6951457814717287,0.6930990721280762,0.6817238558071899,0.6796956093716059,0.6776115972393689,0.6724080745328924,0.6669894754449581,0.6632783191694164,0.6570125375895818,0.6555997379074494,0.6518409772221437,0.64803612474347,0.6461776196910672
GWO,F12,2.496119737625122,"[-0.99061893 -0.93531866  0.09777176 -1.25825149 -0.9287055   1.33842181
 -0.95717005  1.45771824  2.8523698  -0.98238045 -0.63845593 -0.07142132
  1.08783825 -0.89667145  0.77490826  2.78626216 -0.99896849  0.85937764
 -4.75291371  2.97147241  2.94862787 -0.9818508   1.11029613 -0.95621418
  0.27422798  0.35865783  0.17436876  1.04946515 -0.96781183  0.5731339 ]",497200404.36376387,497200404.36376387,186457778.01534426,186457778.01534426,186457778.01534426,139781493.5617557,93231680.21980742,31865561.651030406,10337882.234012539,6974004.229027168,2230166.16605276,954481.3422033639,409820.79999137245,165054.48719970355,13978.094182220293,146.74963245192706,24.655652497174373,24.655652497174373,24.655652497174373,23.49944681643328,20.134805048491913,15.794967141645946,12.918500522425395,12.138063997138918,8.431629938265704,8.431629938265704,8.431629938265704,8.333387131922617,7.862887759221542,7.214601294712426,6.656864618688,4.318859551314156,4.318859551314156,4.098596685901538,3.955327019218726,3.835107525485723,3.6208733742911843,2.9471172601510083,2.6654501071624637,2.6516701803372884,2.4677980796764554,2.1967083842191815,2.1548085829032253,1.9768987320071623,1.9713588280637746,1.9114012676324186,1.8780871694590746,1.7427013170219243,1.688469104697204,1.6163209544112493,1.5296977315362206,1.5296977315362206,1.5296977315362206,1.4539712251500687,1.346286288587826,1.346286288587826,1.3087334973369193,1.299056669993102,1.2644572062398978,1.2536127018111352,1.1690512787857894,1.1690512787857894,1.1690512787857894,1.1690512787857894,1.1320738333487297,1.1320738333487297,1.1280878513466015,1.1280878513466015,1.1239906108674733,1.1164491146093931,1.1090309263410145,1.102175880664981,1.0998590907394838,1.0948300345005582,1.0929245306646964
GWO,F12,2.4966166019439697,"[ 0.0510845  -0.90737329 -1.17211764 -1.420181   -0.93510933 -1.34348163
 -0.17343044 -0.80145111  0.73771788 -0.99865101 -0.71947511 -0.74795391
 -0.26288804  0.35987705  2.63185501 -1.00635169  0.67476536 -0.98284728
  0.62405748 -0.95486911  0.00485178  1.32752312 -1.01990903  0.22311069
  0.40715282  2.73258482  2.94048661 -0.98247381  0.66592001  2.78554124]",533543026.4449297,438222464.3413225,345808374.56783897,165886696.31165862,83585136.52406296,41910408.50231071,15572604.358142054,4536984.283175622,369417.8867261797,369417.8867261797,225708.84851607957,2837.817938703996,668.0126582382034,164.24952116584308,24.226261919718098,21.95418459173557,16.020364222548828,11.986184738174298,8.430778281108427,8.19046925470856,7.71210999249054,7.147392470711156,5.583174213382278,5.583174213382278,4.397453862320251,4.397453862320251,4.125962250754142,3.9931889586139517,3.785531731122667,3.128630932910022,3.128630932910022,3.097460486886999,2.706964922005275,2.280836862412871,2.2565613841155696,2.2565613841155696,1.9330148117043813,1.786046842386624,1.7445608935550532,1.7445608935550532,1.7445608935550532,1.7445608935550532,1.7445608935550532,1.7445608935550532,1.7445608935550532,1.685154019409572,1.685154019409572,1.6225978386866953,1.6107724123562661,1.5247838289251943,1.503597539374677,1.4799779593415858,1.4778533595591208,1.4770769698207575,1.4649191861415816,1.4570997005711372,1.4440268138419334,1.4142606016797377,1.3996087295542405,1.392170719943109,1.3829178366642518,1.3772946830839525,1.3730275038783901,1.3589541305228148,1.3589541305228148,1.3490475208926889,1.3373912306384723,1.3280766874012782,1.325713746800559,1.3256668759546737,1.3221406714544475,1.3142127119711118,1.3131088074659296,1.3090534908921307,1.3066396239394968
GWO,F13,2.5594546794891357,"[ 1.33152235  0.62596599  0.1470441   1.01589637  1.0705947   1.03926064
  0.57492726 -0.19780363 -0.35178499 -0.3192034  -0.03066325  0.99687036
 -0.07665664  0.98137226 -0.39289761  0.00337733 -0.33082499  1.00986719
  1.07836227 -0.19050788  0.02908651  1.32709008 -0.18016632  0.99430646
 -0.22942058 -0.34775303  1.01100974  0.98156667  0.23806582 -0.13849393]",1396644965.8495767,601452307.1620241,461193238.9521586,201272854.31920058,184211553.68897069,166943307.81599602,62959188.65673404,55768851.763007954,29061956.60158252,19808303.762269516,12552449.993138665,9998520.658306839,3631602.9723179457,728787.6060674597,194379.21274787493,72406.40664986262,5636.410809558342,2544.28015456798,1743.8679491337518,149.54207534155205,149.54207534155205,54.36619895782991,54.36619895782991,31.420089995545062,25.266014310370025,19.80958513578419,12.416848695311089,12.055808106368337,9.271584846572065,9.213199929730123,8.360787714277704,6.0633178947841095,6.0633178947841095,5.063481793424182,4.623721294716999,4.41965982487847,4.020423939692536,3.8839060038153046,3.6297774454953813,3.36712850348382,3.3150755596920862,3.171651913497042,3.041312605266359,3.041312605266359,3.041312605266359,3.041312605266359,3.041312605266359,3.041312605266359,2.9977356064369833,2.8741092876085172,2.8741092876085172,2.7240342452674553,2.7240342452674553,2.7240342452674553,2.7240342452674553,2.7240342452674553,2.7240342452674553,2.7240342452674553,2.7240342452674553,2.6891623171975407,2.6671582158087754,2.6476769746363624,2.56735424355065,2.56735424355065,2.56735424355065,2.562567380818426,2.541210672804942,2.510411237894149,2.510411237894149,2.484332363100992,2.4636448065462235,2.4636448065462235,2.4636448065462235,2.4435855134703504,2.4337345568670012
GWO,F13,2.5579216480255127,"[ 1.00952987 -0.21774701  0.34814684 -0.18889669  0.67324671  1.21953706
  0.83591102 -0.01108334  0.99675532 -0.13596257  0.67946379  0.22303627
  0.3138154   0.65709608  1.00727067 -0.22822244 -0.6414445   1.00103535
 -0.05561564 -0.3214037   0.9956917  -0.00712369 -0.11288404  0.66765656
 -0.20880218 -0.01434629 -0.07408874 -0.1735576  -0.01327865 -0.334157  ]",1024801373.650002,899793088.723337,807148680.4962939,358712148.4583572,358712148.4583572,113362439.81864116,66485452.929328926,32600148.312893886,20556965.499028258,9546347.805840382,3041237.4695754605,2317330.4087437876,821543.4951574417,524112.5683357994,180821.35224457618,14255.195954351706,12659.963641052502,2947.3915544641914,52.655151735657995,31.430616450217777,25.91930413827697,19.936095775284848,19.936095775284848,15.954570471164978,13.290214297352456,11.111389626603632,9.046722077527813,7.91823348540656,6.41806586378842,5.437750193497861,4.863259990873773,4.423089821834743,4.357839410697657,3.984066841113852,3.964350899084705,3.8701480475772096,3.8701480475772096,3.6745375330819785,3.601364586327179,3.5931447821126192,3.5693607081909144,3.5693607081909144,3.471626716158095,3.3388105487379054,3.3388105487379054,3.3388105487379054,3.3388105487379054,3.3388105487379054,3.3343851441006755,3.3026632609531172,3.2714040753512914,3.178190633360508,3.178190633360508,3.178190633360508,3.178190633360508,3.178190633360508,3.178190633360508,3.178190633360508,3.160350525352618,3.160350525352618,3.160350525352618,3.033709094986724,3.033709094986724,2.9946101181244664,2.9946101181244664,2.9469470101105735,2.9469470101105735,2.9469470101105735,2.9469470101105735,2.9389071287873096,2.927630107560407,2.9165430112545714,2.9137821329885507,2.899876637266247,2.898466762290101
GWO,F13,2.563051223754883,"[ 0.99540229 -0.18731922  0.04406652 -0.30785501  0.99338721  1.19750331
 -0.03914714  0.37568017  1.33727696  0.87455287 -0.09826315 -0.31843935
  0.66254844  1.00467618 -0.11452257  1.00293882  0.89057014 -0.03319524
  0.98735877  0.92287663 -0.21261738  0.67023685  1.29156432  0.72832751
  0.75686014  0.30150558  0.61102274 -0.03609235  0.35022173  1.01058604]",1323757595.859161,971383042.9828259,960357071.1021096,364570968.98349196,343428138.5663733,95785223.95677704,44859484.15354505,7123245.759477355,6099148.884434842,1290830.9734033665,413355.91255618114,413355.91255618114,133839.9928746596,133839.9928746596,28578.929037354876,16733.890518683584,730.020802546599,730.020802546599,43.868631378895344,38.966475628110075,32.542107772322986,26.402540448045933,18.706634179170482,15.35102699092532,12.141134444706061,10.309534110579907,6.845365667669902,5.864798181362701,4.385924252557792,3.7875906661899688,3.729765326108656,3.5251354501269034,2.9322428391630715,2.615263204576962,2.3815345147912876,2.358887024836501,2.2357980977657075,2.2357980977657075,2.1205107691535505,2.1205107691535505,2.0692622076870912,2.0352624856587966,2.0352624856587966,2.0352624856587966,1.9362865513123186,1.9362865513123186,1.9362865513123186,1.9362865513123186,1.9362865513123186,1.9362865513123186,1.9362865513123186,1.9362865513123186,1.9362865513123186,1.9171573761497946,1.9171573761497946,1.9171573761497946,1.869242673810679,1.8440032525142773,1.8172700219345845,1.8172700219345845,1.8172700219345845,1.7361420747766343,1.7361420747766343,1.7361420747766343,1.7361420747766343,1.7207367047588864,1.7207367047588864,1.67396848601891,1.67396848601891,1.6632208449801358,1.6258178481087997,1.6258178481087997,1.604510218007629,1.6002619841348644,1.5865381801072949
